{
    "Earth": {
      "Coordinates": [
        -0.2892698924363897,
        0.9483553307419959,
        -1.652548618901187e-05
      ],
      "active": true,
      "Mass": 3.003364344983656e-06,
      "Name": "Earth",
      "Velocities": [
        -0.01674611909353826,
        -0.00506252851246925,
        -1.030143695482691e-07
      ],
      "Mass_Ratio": null
    },
    "Jupiter": {
      "Coordinates": [
        0.5742338178040277,
        -5.18551599745026,
        0.008659600416272796
      ],
      "active": false,
      "Mass": 0.0009545536836811668,
      "Name": "Jupiter",
      "Velocities": [
        0.007407727406017702,
        0.001190721677448268,
        -0.0001706406175255067
      ],
      "Mass_Ratio": null
    },
    "Mars": {
      "Coordinates": [
        -1.263360948767393,
        -0.9496414668352595,
        0.01087251059511358
      ],
      "active": true,
      "Mass": 3.227105858687452e-07,
      "Mass_Ratio": 3098703.59,
      "Name": "Mars",
      "Velocities": [
        0.008982566795948855,
        -0.009946132702161077,
        -0.0004287394979703903
      ]
    },
    "Mercury": {
      "Coordinates": [
        0.08917337664647064,
        -0.4367636406985999,
        -0.04480612044180837
      ],
      "active": true,
      "Mass": 1.6605481518732714e-07,
      "Mass_Ratio": 6023682.0,
      "Name": "Mercury",
      "Velocities": [
        0.02188614729211309,
        0.007204663284214451,
        -0.001419368162895273
      ]
    },
    "Neptune": {
      "Coordinates": [
        29.24353020234171,
        -6.33814660175599,
        -0.5434246581683543
      ],
      "active": false,
      "Mass": 5.150264018104099e-05,
      "Name": "Neptune",
      "Velocities": [
        0.0006436374603185884,
        0.003086392186822279,
        -7.819177858415637e-05
      ],
      "Mass_Ratio": null
    },
    "Pluto": {
      "Coordinates": [
        12.99371301401643,
        -31.35899976304313,
        -0.4029461511824082
      ],
      "active": false,
      "Mass": 6.572793562987176e-09,
      "Mass_Ratio": 0.117,
      "Name": "Pluto",
      "Velocities": [
        0.0029736691885631,
        0.0005424555495433587,
        -0.0009061010300077982
      ]
    },
    "Saturn": {
      "Coordinates": [
        3.827400496219513,
        -9.265926635229302,
        0.008747779509859678
      ],
      "active": false,
      "Mass": 0.00028581342720643705,
      "Name": "Saturn",
      "Velocities": [
        0.004846789169648662,
        0.002113030873302228,
        -0.0002293904199016262
      ],
      "Mass_Ratio": null
    },
    "Sun": {
      "Coordinates": [
        -0.003857022300275326,
        0.007425738921434983,
        2.464082047600554e-05
      ],
      "active": true,
      "Name": "Sun",
      "Velocities": [
        -8.33424920881172e-06,
        -2.062229084310973e-06,
        2.298339656433683e-07
      ],
      "Mass": 1,
      "Mass_Ratio": null
    },
    "Uranus": {
      "Coordinates": [
        16.20566358636939,
        11.40771629700922,
        -0.1675778077746926
      ],
      "active": false,
      "Mass": 4.365753080211215e-05,
      "Name": "Uranus",
      "Velocities": [
        -0.002292816256332509,
        0.003032865898649047,
        4.098094662114293e-05
      ],
      "Mass_Ratio": null
    },
    "Venus": {
      "Coordinates": [
        0.6949223033944875,
        0.1986644384095169,
        -0.0376758268693889
      ],
      "active": true,
      "Mass": 2.448327885340709e-06,
      "Mass_Ratio": 408523.72,
      "Name": "Venus",
      "Velocities": [
        -0.005418586678814747,
        0.01941677223635651,
        0.0005788942834364113
      ]
    }
  }